{
    "Passthrough": {
        "SegSNR": 5.734103670507341,
        "STOI": 0.8896445827900241,
        "SISDR": 4.433639414738864
    },
    "Wiener-Only": {
        "SegSNR": -1.684306023007084,
        "STOI": 0.6852393396164297,
        "SISDR": -31.206014556884767
    },
    "RNNoise-Sim": {
        "SegSNR": -1.2780072922085663,
        "STOI": 0.6631053662041136,
        "SISDR": -30.661376905441283
    },
    "DF2-Only": {
        "SegSNR": -1.684306023007084,
        "STOI": 0.6852393396164297,
        "SISDR": -31.206014556884767
    },
    "Hybrid-Pipeline": {
        "SegSNR": -1.684306023007084,
        "STOI": 0.6852393396164297,
        "SISDR": -31.206014556884767
    }
}